Lambda,RMSE
0.01,4.840135848499265
0.1,4.840573472575784
1.0,4.858203221182783
10.0,4.911326013178769
100.0,4.98837432481014
